{
  "sdedit": {
    "ssim": 0.04851988042950555,
    "psnr": 6.251882131332866,
    "lpips": 0.7534078359603882
  },
  "controlnet": {
    "ssim": 0.028697802366324316,
    "psnr": 2.6488643831965746,
    "lpips": 0.6799840331077576
  },
  "ours": {
    "ssim": 0.1907979960596311,
    "psnr": 8.565057612014156,
    "lpips": 0.569587767124176
  }
}