{
  "sdedit": {
    "ssim": 0.3005298007595253,
    "psnr": 12.713059359153121,
    "lpips": 0.5380042791366577,
    "clip": 0.34247061610221863,
    "dino": 0.2614949941635132
  },
  "controlnet": {
    "ssim": 0.25267815773361046,
    "psnr": 6.1792173289218795,
    "lpips": 0.5059709548950195,
    "clip": 0.35958901047706604,
    "dino": 0.3795965313911438
  },
  "pnp_baseline": {
    "ssim": 0.41747190617923335,
    "psnr": 8.581168074484646,
    "lpips": 0.5058327317237854,
    "clip": 0.35038426518440247,
    "dino": 0.26649630069732666
  },
  "ours": {
    "ssim": 0.46776592021630364,
    "psnr": 15.107775408672705,
    "lpips": 0.44986724853515625,
    "clip": 0.3193117380142212,
    "dino": 0.2525515556335449
  }
}