{
  "sdedit": {
    "ssim": 0.2293231020187506,
    "psnr": 11.16404931881307,
    "lpips": 0.6013152599334717,
    "clip": 0.34831076860427856,
    "dino": 0.4776691198348999
  },
  "controlnet": {
    "ssim": 0.1199678309012759,
    "psnr": 7.848659313317854,
    "lpips": 0.6778379082679749,
    "clip": 0.3319675326347351,
    "dino": 0.5969974100589752
  },
  "pnp_baseline": {
    "ssim": 0.3449283941272932,
    "psnr": 11.12572951603645,
    "lpips": 0.5965471863746643,
    "clip": 0.34890085458755493,
    "dino": 0.3840456008911133
  },
  "ours": {
    "ssim": 0.4338021342991049,
    "psnr": 15.48257161413549,
    "lpips": 0.5513787269592285,
    "clip": 0.30665427446365356,
    "dino": 0.3743489384651184
  }
}