{
  "sdedit": {
    "ssim": 0.22790664358348797,
    "psnr": 12.184299096396431,
    "lpips": 0.5493952035903931,
    "clip": 0.3498919904232025,
    "dino": 0.29132354259490967
  },
  "controlnet": {
    "ssim": 0.23080336997736584,
    "psnr": 6.0311223610077604,
    "lpips": 0.49762094020843506,
    "clip": 0.3455432653427124,
    "dino": 0.29703402519226074
  },
  "pnp_baseline": {
    "ssim": 0.3995699171219999,
    "psnr": 8.755332586316133,
    "lpips": 0.44281142950057983,
    "clip": 0.34640371799468994,
    "dino": 0.17296522855758667
  },
  "ours": {
    "ssim": 0.4371134263317024,
    "psnr": 12.233661513789269,
    "lpips": 0.4281679689884186,
    "clip": 0.34384801983833313,
    "dino": 0.18968147039413452
  }
}