{
  "sdedit": {
    "ssim": 0.3007298468287418,
    "psnr": 14.745693877309414,
    "lpips": 0.46400853991508484,
    "clip": 0.34169453382492065,
    "dino": 0.19491201639175415
  },
  "controlnet": {
    "ssim": 0.08097648677542418,
    "psnr": 5.538210624456903,
    "lpips": 0.5662503242492676,
    "clip": 0.3393556773662567,
    "dino": 0.30872368812561035
  },
  "pnp_baseline": {
    "ssim": 0.326394352083357,
    "psnr": 9.562679434875825,
    "lpips": 0.47606414556503296,
    "clip": 0.3465122580528259,
    "dino": 0.21062254905700684
  },
  "ours": {
    "ssim": 0.3579799655462767,
    "psnr": 13.397451513548058,
    "lpips": 0.43977269530296326,
    "clip": 0.3380965292453766,
    "dino": 0.27959442138671875
  }
}