{
  "sdedit": {
    "ssim": 0.2293231020187506,
    "psnr": 11.16404931881307,
    "lpips": 0.6013152599334717,
    "clip": 0.34831076860427856,
    "dino": 0.4776691198348999
  },
  "controlnet": {
    "ssim": 0.1199678309012759,
    "psnr": 7.848659313317854,
    "lpips": 0.6778379082679749,
    "clip": 0.3319675326347351,
    "dino": 0.5969974100589752
  },
  "pnp_baseline": {
    "ssim": 0.3389397170546476,
    "psnr": 10.859731462748773,
    "lpips": 0.5741575360298157,
    "clip": 0.33414411544799805,
    "dino": 0.3963220715522766
  },
  "ours": {
    "ssim": 0.40713744070663815,
    "psnr": 14.735146646159698,
    "lpips": 0.5446658730506897,
    "clip": 0.3317175805568695,
    "dino": 0.3950594663619995
  }
}