{
  "sdedit": {
    "ssim": 0.2293231020187506,
    "psnr": 11.16404931881307,
    "lpips": 0.6013152599334717,
    "clip": 0.34831076860427856,
    "dino": 0.4776691198348999
  },
  "controlnet": {
    "ssim": 0.1199678309012759,
    "psnr": 7.848659313317854,
    "lpips": 0.6778379082679749,
    "clip": 0.3319675326347351,
    "dino": 0.5969974100589752
  },
  "pnp_baseline": {
    "ssim": 0.33540280881597423,
    "psnr": 10.811069564055199,
    "lpips": 0.5782699584960938,
    "clip": 0.3449649214744568,
    "dino": 0.40747159719467163
  },
  "ours": {
    "ssim": 0.380377575088182,
    "psnr": 13.829341306077694,
    "lpips": 0.5599256157875061,
    "clip": 0.346208781003952,
    "dino": 0.39513343572616577
  }
}