{
  "sdedit": {
    "ssim": 0.2293231020187506,
    "psnr": 11.16404931881307,
    "lpips": 0.6013152599334717
  },
  "controlnet": {
    "ssim": 0.1199678309012759,
    "psnr": 7.848659313317854,
    "lpips": 0.6778379082679749
  },
  "pnp_baseline": {
    "ssim": 0.3529499645453398,
    "psnr": 12.157541665032367,
    "lpips": 0.5692351460456848
  },
  "ours": {
    "ssim": 0.3527242760259261,
    "psnr": 12.15181144665541,
    "lpips": 0.5701021552085876
  }
}