{
  "sdedit": {
    "ssim": 0.13084279611359304,
    "psnr": 12.445993043119204,
    "lpips": 0.6389651894569397
  },
  "controlnet": {
    "ssim": 0.3016184181776471,
    "psnr": 6.938808135184028,
    "lpips": 0.408126562833786
  },
  "pnp_baseline": {
    "ssim": 0.3333481551559501,
    "psnr": 9.656537710769134,
    "lpips": 0.5135138630867004
  },
  "ours": {
    "ssim": 0.3696911632463964,
    "psnr": 14.019626336401181,
    "lpips": 0.47981250286102295
  }
}