{
  "sdedit": {
    "ssim": 0.16244661109611555,
    "psnr": 8.847325050858725,
    "lpips": 0.5933222770690918
  },
  "controlnet": {
    "ssim": 0.08347780107451515,
    "psnr": 6.587979359287209,
    "lpips": 0.5724473595619202
  },
  "pnp_baseline": {
    "ssim": 0.20475668689067283,
    "psnr": 9.1467863102615,
    "lpips": 0.7137739062309265
  },
  "ours": {
    "ssim": 0.27464417997269464,
    "psnr": 11.350037581569449,
    "lpips": 0.7066248655319214
  }
}