{
  "sdedit": {
    "ssim": 0.12708260030494012,
    "psnr": 10.25825999428479,
    "lpips": 0.6793043613433838
  },
  "controlnet": {
    "ssim": 0.11616324954451174,
    "psnr": 4.945457105541008,
    "lpips": 0.6945621967315674
  },
  "ours": {
    "ssim": 0.29784785482651494,
    "psnr": 13.626335836714906,
    "lpips": 0.4968588352203369
  }
}