{
  "sdedit": {
    "ssim": 0.009642021206563087,
    "psnr": 9.293655674518952,
    "lpips": 1.1978358030319214
  },
  "controlnet": {
    "ssim": 0.004669801492247006,
    "psnr": 7.5951982342850375,
    "lpips": 1.231189489364624
  },
  "ours": {
    "ssim": 0.034730421082697305,
    "psnr": 9.672040014601007,
    "lpips": 1.015039086341858
  }
}