{
  "sdedit": {
    "ssim": 0.14752886112600208,
    "psnr": 11.855415441296163,
    "lpips": 0.6071725487709045
  },
  "controlnet": {
    "ssim": 0.15756192270846622,
    "psnr": 5.637500519828783,
    "lpips": 0.4661869704723358
  },
  "ours": {
    "ssim": 0.3990275900594735,
    "psnr": 14.922938017513163,
    "lpips": 0.4290003776550293
  }
}