{
  "sdedit": {
    "ssim": 0.22790664358348797,
    "psnr": 12.184299096396431,
    "lpips": 0.5493952035903931
  },
  "controlnet": {
    "ssim": 0.23080336997736584,
    "psnr": 6.0311223610077604,
    "lpips": 0.49762094020843506
  },
  "pnp_baseline": {
    "ssim": 0.3995699171219999,
    "psnr": 8.755332586316133,
    "lpips": 0.4428114593029022
  },
  "ours": {
    "ssim": 0.4598438833046745,
    "psnr": 14.457533738376506,
    "lpips": 0.4125274419784546
  }
}