{
  "sdedit": {
    "ssim": 0.2772990367681076,
    "psnr": 13.021878788574492,
    "lpips": 0.5387324094772339
  },
  "controlnet": {
    "ssim": 0.23017679995063625,
    "psnr": 6.712772384989467,
    "lpips": 0.5033133029937744
  },
  "ours": {
    "ssim": 0.30977910903711,
    "psnr": 8.273420000744112,
    "lpips": 0.6291813850402832
  }
}