{
  "sdedit": {
    "ssim": 0.2715437703177234,
    "psnr": 13.251927658929697,
    "lpips": 0.5576262474060059
  },
  "controlnet": {
    "ssim": 0.18162862730981244,
    "psnr": 6.031361476315893,
    "lpips": 0.5605611205101013
  },
  "ours": {
    "ssim": 0.4702495216657792,
    "psnr": 16.13720533297043,
    "lpips": 0.4006991982460022
  }
}