{
  "sdedit": {
    "ssim": 0.3242599929647012,
    "psnr": 12.492741520519628,
    "lpips": 0.5192176699638367
  },
  "controlnet": {
    "ssim": 0.20661983673936446,
    "psnr": 5.504181035141395,
    "lpips": 0.5254552364349365
  },
  "pnp_baseline": {
    "ssim": 0.390749075618158,
    "psnr": 7.499571273714824,
    "lpips": 0.493171751499176
  },
  "ours": {
    "ssim": 0.4702495216657792,
    "psnr": 16.13720533297043,
    "lpips": 0.4006991982460022
  }
}