{
  "sdedit": {
    "ssim": 0.08477389618289817,
    "psnr": 6.059776049253843,
    "lpips": 0.7142659425735474
  },
  "controlnet": {
    "ssim": 0.04995523924067408,
    "psnr": 2.626560393938284,
    "lpips": 0.6307318806648254
  },
  "ours": {
    "ssim": 0.2299078696755572,
    "psnr": 8.616570944053212,
    "lpips": 0.5336445569992065
  }
}