{
  "sdedit": {
    "ssim": 0.07975963955542494,
    "psnr": 9.659936400621593,
    "lpips": 0.7614536285400391
  },
  "controlnet": {
    "ssim": 0.07428689815233067,
    "psnr": 4.290218911300404,
    "lpips": 0.7252119779586792
  },
  "ours": {
    "ssim": 0.21841146370325737,
    "psnr": 14.568841142886805,
    "lpips": 0.5607094764709473
  }
}