{
  "sdedit": {
    "ssim": 0.2705163259222177,
    "psnr": 12.78947606657139,
    "lpips": 0.5314294695854187
  },
  "controlnet": {
    "ssim": 0.05278098833840287,
    "psnr": 4.477076711965104,
    "lpips": 0.64887934923172
  },
  "ours": {
    "ssim": 0.5082013272429575,
    "psnr": 16.018364630984237,
    "lpips": 0.3854553699493408
  }
}