{
  "sdedit": {
    "ssim": 0.025763725204746662,
    "psnr": 13.433148295578093,
    "lpips": 0.4412294626235962
  },
  "controlnet": {
    "ssim": 0.019952172946068342,
    "psnr": 8.404257260269052,
    "lpips": 0.7076365351676941
  },
  "ours": {
    "ssim": 0.06323664861817054,
    "psnr": 13.132343231958846,
    "lpips": 0.8509292602539062
  }
}