{
  "sdedit": {
    "ssim": 0.3005298007595253,
    "psnr": 12.713059359153121,
    "lpips": 0.5380042791366577,
    "clip": 0.34247061610221863,
    "dino": 0.2614949941635132
  },
  "controlnet": {
    "ssim": 0.25267815773361046,
    "psnr": 6.1792173289218795,
    "lpips": 0.5059709548950195,
    "clip": 0.35958901047706604,
    "dino": 0.3795965313911438
  },
  "pnp_baseline": {
    "ssim": 0.38580733152635044,
    "psnr": 8.569085241484569,
    "lpips": 0.5468641519546509,
    "clip": 0.35100606083869934,
    "dino": 0.37997108697891235
  },
  "ours": {
    "ssim": 0.4587010104891413,
    "psnr": 15.774978593959453,
    "lpips": 0.4758404791355133,
    "clip": 0.2821562588214874,
    "dino": 0.40696078538894653
  }
}