{
  "sdedit": {
    "ssim": 0.035254809490600836,
    "psnr": 12.490621730108003,
    "lpips": 1.19857919216156
  },
  "controlnet": {
    "ssim": 0.06104268236317432,
    "psnr": 11.182028279682083,
    "lpips": 1.4328159093856812
  },
  "ours": {
    "ssim": 0.1012446734951017,
    "psnr": 14.149361363741825,
    "lpips": 0.9239562153816223
  }
}