{
  "sdedit": {
    "ssim": 0.07595685748054344,
    "psnr": 6.233969688343237,
    "lpips": 0.6341635584831238
  },
  "controlnet": {
    "ssim": 0.0011554994551046676,
    "psnr": 2.998729258188538,
    "lpips": 0.6403825283050537
  },
  "ours": {
    "ssim": 0.02785919148954276,
    "psnr": 5.2320261942315325,
    "lpips": 0.7318368554115295
  }
}