{
  "sdedit": {
    "ssim": 0.02378871142275643,
    "psnr": 13.377698586749634,
    "lpips": 0.4988135099411011
  },
  "controlnet": {
    "ssim": 0.03130556764433009,
    "psnr": 13.898608420039281,
    "lpips": 0.6155983805656433
  },
  "pnp_baseline": {
    "ssim": 0.07169677098694129,
    "psnr": 11.02870315700292,
    "lpips": 1.2209975719451904
  },
  "ours": {
    "ssim": 0.07565073742267948,
    "psnr": 13.303640223800699,
    "lpips": 1.2013001441955566
  }
}