{
  "sdedit": {
    "ssim": 0.3005298007595253,
    "psnr": 12.713059359153121,
    "lpips": 0.5380042791366577,
    "clip": 0.34247061610221863,
    "dino": 0.2614949941635132
  },
  "controlnet": {
    "ssim": 0.25267815773361046,
    "psnr": 6.1792173289218795,
    "lpips": 0.5059709548950195,
    "clip": 0.35958901047706604,
    "dino": 0.3795965313911438
  },
  "pnp_baseline": {
    "ssim": 0.4281481856663967,
    "psnr": 8.628915027798339,
    "lpips": 0.4698663055896759,
    "clip": 0.3546399772167206,
    "dino": 0.28701967000961304
  },
  "ours": {
    "ssim": 0.49036378460575664,
    "psnr": 15.770226445223756,
    "lpips": 0.4080084562301636,
    "clip": 0.3179059326648712,
    "dino": 0.35256028175354004
  },
  "masactrl": {
    "ssim": 0.38940166211466504,
    "psnr": 12.407154867042147,
    "lpips": 0.8557167649269104,
    "clip": 0.2532700002193451,
    "dino": 0.8390947878360748
  }
}