{
  "sdedit": {
    "ssim": 0.3005298007595253,
    "psnr": 12.713059359153121,
    "lpips": 0.5380042791366577,
    "clip": 0.34247061610221863,
    "dino": 0.2614949941635132
  },
  "controlnet": {
    "ssim": 0.25267815773361046,
    "psnr": 6.1792173289218795,
    "lpips": 0.5059709548950195,
    "clip": 0.35958901047706604,
    "dino": 0.3795965313911438
  },
  "pnp_baseline": {
    "ssim": 0.4216075056826789,
    "psnr": 8.603944795502938,
    "lpips": 0.47056058049201965,
    "clip": 0.3478265106678009,
    "dino": 0.27065348625183105
  },
  "ours": {
    "ssim": 0.47916594991711614,
    "psnr": 15.515179166451198,
    "lpips": 0.41892868280410767,
    "clip": 0.3197658658027649,
    "dino": 0.2802238464355469
  }
}