{
  "sdedit": {
    "ssim": 0.02270649235734418,
    "psnr": 13.370776085689968,
    "lpips": 0.5269660949707031
  },
  "controlnet": {
    "ssim": 0.02988870746653488,
    "psnr": 12.906423827418159,
    "lpips": 0.9369125962257385
  },
  "ours": {
    "ssim": 0.07565073742267948,
    "psnr": 13.303640223800699,
    "lpips": 1.2013001441955566
  }
}